DataRate_Gbps,Optical_Margin_dB,RF_Margin_dB
0.5,28.66826435001954,5.888117060558841
1.0,25.65796439337973,2.8778171039190283
2.0,22.647664436739916,-0.1324828527207842
5.0,18.66826435001954,-4.111882939441159
