Criterion,Weight,Optical_Score,RF_Score,Optical_Weighted,RF_Weighted
Performance,0.25,9,6,2.25,1.5
SWaP,0.2,9,6,1.8,1.2000000000000002
Pointing Complexity,0.15,4,9,0.6,1.3499999999999999
TRL,0.15,6,9,0.8999999999999999,1.3499999999999999
Scalability,0.1,9,6,0.9,0.6000000000000001
Cost,0.1,6,7,0.6000000000000001,0.7000000000000001
Operations,0.05,5,8,0.25,0.4
