P_tx_W,P_tx_dBW,range_m,range_km,L_fs,L_fs_dB,D_tx_m,D_tx_cm,D_rx_m,D_rx_cm,G_tx,G_tx_dBi,G_rx,G_rx_dBi,L_pointing_dB,L_line_dB,L_atm_dB,P_rx_W,P_rx_dBW,P_req_W,P_req_dBW,margin_dB,theta_div_rad,theta_div_urad,spot_diameter_m,detector
0.12157665459056936,-9.151498112135023,250000.0,250.0,2.434241437007165e-25,-246.13636349047684,0.1,10.0,0.1,10.0,41080559421.807945,106.13636349047684,41080559421.807945,106.13636349047684,-3.0,-6.0,0.0,6.28762363577082e-06,-52.01513462165818,1.7087955268817205e-08,-77.6730990150379,25.65796439337973,1.891e-05,18.91,4.7275,"{'Q_photoelectrons': 40, 'Q_dB': np.float64(16.02059991327962), 'eta_quantum_eff': 0.3, 'eta_dB': np.float64(-5.228787452803376), 'n_photons_per_bit': 133.33333333333334, 'n_dB': np.float64(21.249387366083), 'wavelength_m': 1.55e-06, 'wavelength_um': 1.55, 'frequency_Hz': 193419354838709.7, 'E_photon_J': 1.2815966451612904e-19, 'E_photon_dB': np.float64(-188.9224863811209), 'J_per_bit': 1.7087955268817205e-17, 'J_per_bit_dB': np.float64(-167.6730990150379), 'bit_rate_bps': 1000000000.0, 'P_req_W': 1.7087955268817205e-08, 'P_req_dBW': np.float64(-77.6730990150379)}"
