P_tx_W,P_tx_dBW,frequency_GHz,wavelength_m,wavelength_mm,range_m,range_km,D_tx_m,D_tx_cm,D_rx_m,D_rx_cm,eta_ant,G_tx,G_tx_dBi,G_rx,G_rx_dBi,EIRP_dBW,FSPL_dB,L_pointing_dB,L_feed_dB,L_misc_dB,L_atm_dB,P_rx_W,P_rx_dBW,T_sys_K,G_over_T_dB_K,C_N0_dBHz,C_N0_req_dBHz,margin_dB,theta_3dB_rad,theta_3dB_deg,receiver
1.2157665459056928,0.8485018878649746,32.0,0.00936875,9.36875,250000.0,250.0,0.3,30.0,0.3,30.0,0.6,6071.9782163274185,37.83330204826527,6071.9782163274185,37.83330204826527,38.681803936130244,170.50936445003558,-1.0,-1.0,-2.0,0.0,1.5869898657635497e-10,-97.99425846564006,650,9.70416848183671,102.47781710391902,99.6,2.8778171039190283,0.03809958333333334,2.182945326206973,"{'T_sys_K': 650, 'Eb_N0_req_dB': 9.6, 'bit_rate_bps': 1000000000.0, 'C_N0_req_dBHz': np.float64(99.6), 'N0': 8.97e-21, 'N0_dBW_Hz': np.float64(-200.47207556955908), 'P_req_W': np.float64(8.180737229022502e-11), 'P_req_dBW': np.float64(-100.87207556955909)}"
