Range_km,Optical_Margin_dB,RF_Margin_dB
150,30.09493938570686,7.314792096246151
250,25.65796439337973,2.8778171039190283
500,19.63736448010011,-3.1427828093605967
